{
    "rmse": 0.7148820442274315,
    "mae": 0.5390464996380987,
    "r2": 0.2856355365406885
}